country,size,count
afghanistan,1001-5000,32
afghanistan,11-50,427
afghanistan,1-10,640
afghanistan,51-200,204
afghanistan,201-500,93
afghanistan,5001-10000,7
afghanistan,501-1000,32
afghanistan,10001+,7
albania,201-500,102
albania,501-1000,25
albania,11-50,492
albania,1-10,608
albania,1001-5000,12
albania,51-200,217
albania,10001+,5
albania,5001-10000,3
algeria,1001-5000,75
algeria,1-10,1006
algeria,201-500,180
algeria,10001+,21
algeria,501-1000,87
algeria,11-50,836
algeria,51-200,458
algeria,5001-10000,13
american samoa,1-10,5
american samoa,51-200,4
american samoa,1001-5000,1
american samoa,201-500,2
american samoa,11-50,6
andorra,11-50,113
andorra,201-500,17
andorra,501-1000,9
andorra,51-200,36
andorra,1-10,217
andorra,10001+,1
andorra,1001-5000,2
angola,51-200,267
angola,201-500,136
angola,1-10,556
angola,501-1000,57
angola,11-50,548
angola,1001-5000,45
angola,5001-10000,7
angola,10001+,2
anguilla,1-10,36
anguilla,11-50,17
anguilla,51-200,3
anguilla,1001-5000,1
antarctica,11-50,3
antarctica,1-10,5
antarctica,201-500,1
antarctica,10001+,1
antarctica,51-200,1
antigua and barbuda,11-50,25
antigua and barbuda,51-200,21
antigua and barbuda,1-10,44
antigua and barbuda,501-1000,1
antigua and barbuda,201-500,5
argentina,501-1000,765
argentina,10001+,116
argentina,51-200,6049
argentina,201-500,1739
argentina,1001-5000,589
argentina,1-10,24726
argentina,5001-10000,105
argentina,11-50,15670
armenia,201-500,94
armenia,501-1000,38
armenia,1-10,912
armenia,11-50,746
armenia,51-200,212
armenia,1001-5000,28
armenia,10001+,6
armenia,5001-10000,2
aruba,501-1000,4
aruba,51-200,41
aruba,1-10,123
aruba,11-50,55
aruba,201-500,7
aruba,1001-5000,1
australia,10001+,324
australia,1-10,163101
australia,5001-10000,295
australia,501-1000,1803
australia,51-200,17943
australia,201-500,4629
australia,1001-5000,1587
australia,11-50,71253
austria,1001-5000,347
austria,1-10,8544
austria,11-50,5934
austria,201-500,744
austria,5001-10000,67
austria,501-1000,345
austria,51-200,2180
austria,10001+,70
azerbaijan,501-1000,78
azerbaijan,10001+,10
azerbaijan,1001-5000,58
azerbaijan,5001-10000,10
azerbaijan,201-500,156
azerbaijan,11-50,683
azerbaijan,1-10,693
azerbaijan,51-200,316
bahamas,11-50,171
bahamas,1-10,273
bahamas,51-200,77
bahamas,501-1000,9
bahamas,201-500,23
bahamas,10001+,1
bahamas,1001-5000,7
bahamas,5001-10000,1
bahrain,11-50,901
bahrain,201-500,157
bahrain,51-200,361
bahrain,1001-5000,57
bahrain,501-1000,72
bahrain,1-10,839
bahrain,10001+,3
bahrain,5001-10000,4
bangladesh,1-10,3480
bangladesh,1001-5000,432
bangladesh,51-200,1819
bangladesh,201-500,930
bangladesh,11-50,4414
bangladesh,501-1000,468
bangladesh,10001+,211
bangladesh,5001-10000,147
barbados,1-10,240
barbados,501-1000,4
barbados,51-200,57
barbados,201-500,21
barbados,11-50,123
barbados,10001+,1
barbados,1001-5000,4
barbados,5001-10000,2
belarus,201-500,86
belarus,11-50,786
belarus,1001-5000,44
belarus,1-10,663
belarus,501-1000,39
belarus,51-200,293
belarus,10001+,10
belarus,5001-10000,4
belgium,1-10,46363
belgium,10001+,157
belgium,51-200,9189
belgium,201-500,2071
belgium,5001-10000,115
belgium,501-1000,772
belgium,1001-5000,718
belgium,11-50,32132
belize,51-200,56
belize,1-10,190
belize,201-500,12
belize,11-50,163
belize,1001-5000,3
belize,501-1000,5
benin,11-50,121
benin,1-10,181
benin,51-200,40
benin,201-500,24
benin,501-1000,4
benin,5001-10000,2
benin,1001-5000,4
bermuda,1-10,241
bermuda,201-500,37
bermuda,11-50,154
bermuda,51-200,53
bermuda,1001-5000,18
bermuda,501-1000,6
bermuda,5001-10000,1
bhutan,51-200,31
bhutan,201-500,6
bhutan,11-50,58
bhutan,1-10,58
bhutan,501-1000,2
bhutan,1001-5000,1
bhutan,5001-10000,1
bolivia,501-1000,67
bolivia,1001-5000,45
bolivia,51-200,377
bolivia,5001-10000,5
bolivia,1-10,925
bolivia,11-50,868
bolivia,201-500,179
bolivia,10001+,3
bosnia and herzegovina,11-50,540
bosnia and herzegovina,1-10,931
bosnia and herzegovina,201-500,89
bosnia and herzegovina,10001+,2
bosnia and herzegovina,51-200,281
bosnia and herzegovina,501-1000,36
bosnia and herzegovina,1001-5000,27
bosnia and herzegovina,5001-10000,3
botswana,51-200,100
botswana,1001-5000,11
botswana,1-10,322
botswana,201-500,36
botswana,11-50,216
botswana,5001-10000,3
botswana,501-1000,9
botswana,10001+,2
bouvet island,51-200,1
bouvet island,1-10,1
bouvet island,201-500,1
bouvet island,11-50,1
brazil,201-500,12544
brazil,1-10,131219
brazil,10001+,695
brazil,1001-5000,4491
brazil,501-1000,4896
brazil,11-50,109037
brazil,51-200,41956
brazil,5001-10000,670
british indian ocean territory,1-10,5
british indian ocean territory,11-50,3
british indian ocean territory,1001-5000,1
british indian ocean territory,51-200,3
british indian ocean territory,5001-10000,1
british virgin islands,51-200,14
british virgin islands,11-50,57
british virgin islands,1-10,85
british virgin islands,1001-5000,1
british virgin islands,501-1000,1
british virgin islands,201-500,1
brunei,1-10,54
brunei,11-50,64
brunei,1001-5000,3
brunei,51-200,29
brunei,501-1000,8
brunei,201-500,12
brunei,10001+,1
bulgaria,1-10,4753
bulgaria,51-200,1137
bulgaria,1001-5000,119
bulgaria,10001+,12
bulgaria,5001-10000,15
bulgaria,201-500,341
bulgaria,11-50,3041
bulgaria,501-1000,155
burkina faso,201-500,28
burkina faso,51-200,45
burkina faso,501-1000,10
burkina faso,11-50,99
burkina faso,1001-5000,3
burkina faso,1-10,161
burundi,501-1000,4
burundi,51-200,16
burundi,11-50,24
burundi,201-500,5
burundi,1-10,27
burundi,10001+,1
cambodia,1-10,711
cambodia,1001-5000,51
cambodia,5001-10000,9
cambodia,201-500,178
cambodia,501-1000,80
cambodia,51-200,373
cambodia,11-50,789
cambodia,10001+,10
cameroon,501-1000,49
cameroon,1-10,1135
cameroon,201-500,92
cameroon,51-200,218
cameroon,10001+,3
cameroon,11-50,737
cameroon,1001-5000,28
cameroon,5001-10000,5
canada,1001-5000,2131
canada,1-10,149215
canada,5001-10000,383
canada,201-500,6181
canada,501-1000,2386
canada,51-200,24210
canada,10001+,495
canada,11-50,78342
cape verde,201-500,12
cape verde,11-50,53
cape verde,1-10,72
cape verde,51-200,13
cape verde,1001-5000,1
caribbean netherlands,1-10,2
cayman islands,51-200,43
cayman islands,11-50,120
cayman islands,201-500,8
cayman islands,501-1000,2
cayman islands,1001-5000,3
cayman islands,1-10,182
cayman islands,10001+,1
central african republic,51-200,9
central african republic,1-10,12
central african republic,1001-5000,1
central african republic,11-50,6
chad,1-10,22
chad,11-50,29
chad,201-500,10
chad,51-200,13
chad,1001-5000,1
chad,501-1000,1
chad,10001+,1
chile,11-50,11469
chile,1001-5000,491
chile,5001-10000,96
chile,51-200,3686
chile,201-500,1206
chile,10001+,87
chile,1-10,19791
chile,501-1000,542
china,10001+,930
china,1-10,27081
china,501-1000,4861
china,11-50,30881
china,201-500,11854
china,5001-10000,747
china,1001-5000,3847
china,51-200,27701
christmas island,51-200,2
christmas island,1-10,1
cocos (keeling) islands,1001-5000,1
cocos (keeling) islands,51-200,1
colombia,1-10,15627
colombia,501-1000,656
colombia,10001+,102
colombia,201-500,1619
colombia,51-200,4571
colombia,5001-10000,131
colombia,1001-5000,630
colombia,11-50,11427
comoros,1-10,22
comoros,51-200,8
comoros,11-50,8
cook islands,1-10,18
cook islands,11-50,14
cook islands,51-200,12
cook islands,201-500,2
cook islands,501-1000,1
costa rica,501-1000,82
costa rica,1001-5000,62
costa rica,10001+,8
costa rica,51-200,691
costa rica,11-50,1714
costa rica,5001-10000,12
costa rica,1-10,2560
costa rica,201-500,209
croatia,201-500,219
croatia,1001-5000,102
croatia,1-10,3989
croatia,5001-10000,10
croatia,501-1000,89
croatia,11-50,2017
croatia,51-200,774
croatia,10001+,11
cuba,51-200,55
cuba,11-50,76
cuba,201-500,27
cuba,1001-5000,20
cuba,501-1000,19
cuba,1-10,110
cuba,10001+,4
cuba,5001-10000,6
curaçao,1-10,2
curaçao,201-500,2
curaçao,11-50,2
cyprus,1-10,2381
cyprus,1001-5000,59
cyprus,201-500,186
cyprus,51-200,582
cyprus,10001+,7
cyprus,501-1000,73
cyprus,11-50,1669
cyprus,5001-10000,5
czechia,1-10,10581
czechia,10001+,56
czechia,5001-10000,46
czechia,201-500,902
czechia,11-50,7514
czechia,501-1000,384
czechia,1001-5000,287
czechia,51-200,2677
côte d’ivoire,1-10,221
côte d’ivoire,51-200,82
côte d’ivoire,11-50,165
côte d’ivoire,201-500,29
côte d’ivoire,5001-10000,1
côte d’ivoire,501-1000,7
côte d’ivoire,1001-5000,6
côte d’ivoire,10001+,1
democratic republic of the congo,201-500,32
democratic republic of the congo,1-10,181
democratic republic of the congo,51-200,81
democratic republic of the congo,11-50,142
democratic republic of the congo,1001-5000,17
democratic republic of the congo,501-1000,16
democratic republic of the congo,10001+,2
democratic republic of the congo,5001-10000,1
denmark,1001-5000,526
denmark,10001+,108
denmark,1-10,25023
denmark,11-50,12261
denmark,5001-10000,93
denmark,201-500,1233
denmark,51-200,4428
denmark,501-1000,492
djibouti,51-200,16
djibouti,1-10,15
djibouti,501-1000,4
djibouti,201-500,10
djibouti,11-50,20
djibouti,1001-5000,3
djibouti,10001+,1
dominica,1-10,26
dominica,11-50,21
dominica,51-200,9
dominica,201-500,1
dominica,1001-5000,1
dominican republic,11-50,1137
dominican republic,1-10,1516
dominican republic,501-1000,111
dominican republic,201-500,210
dominican republic,1001-5000,89
dominican republic,10001+,16
dominican republic,51-200,505
dominican republic,5001-10000,10
ecuador,51-200,1217
ecuador,501-1000,187
ecuador,5001-10000,19
ecuador,1001-5000,128
ecuador,201-500,456
ecuador,11-50,2877
ecuador,1-10,3616
ecuador,10001+,13
egypt,1001-5000,480
egypt,11-50,6975
egypt,10001+,116
egypt,5001-10000,103
egypt,1-10,4733
egypt,501-1000,580
egypt,51-200,2823
egypt,201-500,1359
el salvador,11-50,641
el salvador,51-200,302
el salvador,201-500,130
el salvador,1001-5000,39
el salvador,5001-10000,7
el salvador,10001+,3
el salvador,1-10,702
el salvador,501-1000,66
"electrical engineers & manufacturers\"",,1
equatorial guinea,1-10,21
equatorial guinea,51-200,13
equatorial guinea,11-50,18
equatorial guinea,5001-10000,1
equatorial guinea,1001-5000,2
equatorial guinea,201-500,10
equatorial guinea,501-1000,1
eritrea,11-50,4
eritrea,1001-5000,1
eritrea,51-200,1
eritrea,1-10,3
estonia,1-10,3352
estonia,11-50,1752
estonia,201-500,178
estonia,1001-5000,44
estonia,51-200,568
estonia,501-1000,45
estonia,5001-10000,3
estonia,10001+,3
ethiopia,11-50,315
ethiopia,51-200,141
ethiopia,1001-5000,33
ethiopia,201-500,67
ethiopia,5001-10000,14
ethiopia,501-1000,36
ethiopia,1-10,299
ethiopia,10001+,11
falkland islands,11-50,3
falkland islands,1-10,1
faroe islands,11-50,61
faroe islands,1-10,90
faroe islands,201-500,8
faroe islands,51-200,33
faroe islands,1001-5000,1
faroe islands,501-1000,1
fiji,201-500,29
fiji,1001-5000,13
fiji,501-1000,16
fiji,1-10,123
fiji,51-200,83
fiji,11-50,132
fiji,10001+,2
finland,10001+,57
finland,5001-10000,57
finland,11-50,6484
finland,51-200,2354
finland,501-1000,336
finland,201-500,790
finland,1-10,13031
finland,1001-5000,340
france,51-200,26426
france,5001-10000,474
france,201-500,7406
france,10001+,727
france,1-10,140173
france,11-50,88780
france,1001-5000,3009
france,501-1000,2889
french guiana,51-200,15
french guiana,201-500,8
french guiana,11-50,50
french guiana,1-10,82
french guiana,1001-5000,3
french guiana,501-1000,1
french polynesia,201-500,7
french polynesia,1-10,71
french polynesia,51-200,23
french polynesia,11-50,36
french polynesia,1001-5000,3
french polynesia,5001-10000,1
french polynesia,501-1000,3
french southern territories,1-10,9
french southern territories,201-500,1
french southern territories,51-200,1
french southern territories,1001-5000,1
french southern territories,11-50,1
gabon,11-50,93
gabon,1-10,143
gabon,201-500,31
gabon,51-200,50
gabon,1001-5000,6
gabon,501-1000,4
gabon,10001+,1
gambia,5001-10000,1
gambia,1-10,53
gambia,501-1000,2
gambia,11-50,32
gambia,51-200,23
gambia,201-500,7
gambia,1001-5000,3
georgia,201-500,186
georgia,1-10,863
georgia,11-50,933
georgia,51-200,343
georgia,1001-5000,50
georgia,501-1000,55
georgia,10001+,10
georgia,5001-10000,13
germany,201-500,5926
germany,11-50,74665
germany,51-200,21256
germany,501-1000,2472
germany,10001+,594
germany,1-10,118366
germany,1001-5000,2480
germany,5001-10000,447
ghana,10001+,28
ghana,5001-10000,12
ghana,1-10,1868
ghana,501-1000,103
ghana,201-500,226
ghana,11-50,1438
ghana,1001-5000,61
ghana,51-200,538
gibraltar,1-10,270
gibraltar,51-200,57
gibraltar,11-50,212
gibraltar,201-500,18
gibraltar,501-1000,3
gibraltar,1001-5000,2
greece,5001-10000,27
greece,51-200,1880
greece,501-1000,213
greece,201-500,521
greece,11-50,5883
greece,1-10,8899
greece,10001+,34
greece,1001-5000,171
greenland,501-1000,8
greenland,201-500,6
greenland,51-200,16
greenland,1-10,61
greenland,11-50,34
greenland,1001-5000,4
grenada,51-200,14
grenada,201-500,4
grenada,11-50,22
grenada,1-10,41
grenada,1001-5000,1
grenada,501-1000,1
guadeloupe,11-50,224
guadeloupe,201-500,11
guadeloupe,1-10,341
guadeloupe,51-200,84
guadeloupe,1001-5000,7
guadeloupe,501-1000,8
guam,1-10,33
guam,201-500,11
guam,51-200,23
guam,11-50,57
guam,501-1000,4
guam,1001-5000,2
guam,5001-10000,1
guatemala,501-1000,86
guatemala,10001+,20
guatemala,201-500,226
guatemala,5001-10000,16
guatemala,1-10,1606
guatemala,51-200,579
guatemala,11-50,1504
guatemala,1001-5000,83
guernsey,51-200,40
guernsey,1-10,172
guernsey,11-50,105
guernsey,501-1000,4
guernsey,1001-5000,3
guernsey,201-500,10
guernsey,5001-10000,1
guinea,201-500,25
guinea,51-200,38
guinea,1-10,125
guinea,11-50,94
guinea,1001-5000,7
guinea,501-1000,11
guinea,10001+,1
guinea-bissau,11-50,8
guinea-bissau,51-200,2
guinea-bissau,1-10,5
guyana,1-10,44
guyana,11-50,39
guyana,51-200,27
guyana,1001-5000,2
guyana,201-500,14
guyana,501-1000,5
guyana,10001+,1
haiti,11-50,112
haiti,1001-5000,4
haiti,201-500,11
haiti,51-200,47
haiti,1-10,136
haiti,501-1000,6
heard island and mcdonald islands,11-50,1
honduras,5001-10000,8
honduras,1-10,507
honduras,10001+,2
honduras,501-1000,37
honduras,1001-5000,34
honduras,51-200,230
honduras,11-50,503
honduras,201-500,104
hong kong,201-500,751
hong kong,10001+,112
hong kong,51-200,2050
hong kong,501-1000,333
hong kong,5001-10000,103
hong kong,11-50,5746
hong kong,1001-5000,421
hong kong,1-10,6936
hungary,11-50,4071
hungary,5001-10000,26
hungary,201-500,392
hungary,501-1000,154
hungary,51-200,1257
hungary,10001+,29
hungary,1001-5000,143
hungary,1-10,7049
iceland,201-500,62
iceland,1001-5000,20
iceland,11-50,554
iceland,1-10,981
iceland,51-200,216
iceland,5001-10000,4
iceland,501-1000,25
india,5001-10000,876
india,1001-5000,4927
india,11-50,147789
india,10001+,1278
india,201-500,21129
india,51-200,63309
india,1-10,137900
india,501-1000,6321
indonesia,5001-10000,273
indonesia,1001-5000,1124
indonesia,10001+,414
indonesia,1-10,10516
indonesia,11-50,13569
indonesia,201-500,3165
indonesia,501-1000,1405
indonesia,51-200,7054
iran,1001-5000,362
iran,10001+,124
iran,201-500,1025
iran,11-50,6018
iran,5001-10000,48
iran,501-1000,420
iran,1-10,5297
iran,51-200,2337
iraq,11-50,444
iraq,1-10,407
iraq,501-1000,67
iraq,201-500,153
iraq,51-200,263
iraq,1001-5000,45
iraq,10001+,12
iraq,5001-10000,7
ireland,10001+,68
ireland,1001-5000,292
ireland,501-1000,299
ireland,5001-10000,49
ireland,51-200,2913
ireland,201-500,717
ireland,1-10,16276
ireland,11-50,8499
isle of man,51-200,53
isle of man,201-500,21
isle of man,11-50,219
isle of man,1001-5000,6
isle of man,1-10,319
isle of man,501-1000,7
isle of man,5001-10000,1
isle of man,10001+,1
israel,11-50,4690
israel,10001+,34
israel,1-10,7383
israel,5001-10000,43
israel,1001-5000,162
israel,201-500,459
israel,501-1000,166
israel,51-200,1403
italy,501-1000,1897
italy,10001+,292
italy,1-10,89632
italy,5001-10000,258
italy,11-50,80621
italy,51-200,23301
italy,1001-5000,1395
italy,201-500,5329
ivory coast,201-500,106
ivory coast,51-200,179
ivory coast,1-10,778
ivory coast,501-1000,39
ivory coast,11-50,509
ivory coast,1001-5000,29
ivory coast,10001+,13
ivory coast,5001-10000,3
jamaica,1-10,1003
jamaica,10001+,5
jamaica,11-50,449
jamaica,51-200,181
jamaica,5001-10000,4
jamaica,501-1000,17
jamaica,201-500,74
jamaica,1001-5000,33
japan,201-500,570
japan,10001+,157
japan,51-200,1462
japan,5001-10000,96
japan,11-50,3899
japan,1001-5000,384
japan,1-10,6590
japan,501-1000,316
jersey,51-200,57
jersey,11-50,203
jersey,501-1000,2
jersey,1-10,353
jersey,5001-10000,1
jersey,201-500,19
jersey,1001-5000,7
jordan,1-10,1759
jordan,5001-10000,12
jordan,201-500,298
jordan,1001-5000,70
jordan,10001+,13
jordan,51-200,692
jordan,501-1000,113
jordan,11-50,1785
kazakhstan,11-50,665
kazakhstan,10001+,10
kazakhstan,5001-10000,19
kazakhstan,501-1000,62
kazakhstan,1001-5000,71
kazakhstan,201-500,131
kazakhstan,51-200,288
kazakhstan,1-10,563
kenya,1-10,4136
kenya,201-500,488
kenya,51-200,1168
kenya,5001-10000,33
kenya,10001+,36
kenya,501-1000,200
kenya,1001-5000,162
kenya,11-50,3224
kiribati,1-10,7
kiribati,201-500,3
kiribati,11-50,5
kiribati,51-200,3
kosovo,501-1000,5
kosovo,201-500,12
kosovo,1-10,110
kosovo,11-50,95
kosovo,1001-5000,3
kosovo,51-200,40
kosovo,10001+,2
kuwait,201-500,218
kuwait,1001-5000,121
kuwait,51-200,482
kuwait,5001-10000,21
kuwait,501-1000,113
kuwait,1-10,886
kuwait,11-50,1001
kuwait,10001+,15
kyrgyzstan,11-50,100
kyrgyzstan,1-10,96
kyrgyzstan,201-500,11
kyrgyzstan,501-1000,9
kyrgyzstan,1001-5000,5
kyrgyzstan,51-200,17
kyrgyzstan,5001-10000,1
laos,201-500,20
laos,11-50,84
laos,1-10,71
laos,51-200,37
laos,501-1000,4
laos,1001-5000,7
latvia,51-200,514
latvia,201-500,157
latvia,11-50,1329
latvia,10001+,5
latvia,501-1000,70
latvia,1-10,2034
latvia,1001-5000,45
latvia,5001-10000,5
lebanon,1001-5000,68
lebanon,51-200,754
lebanon,10001+,12
lebanon,11-50,2102
lebanon,501-1000,100
lebanon,1-10,2248
lebanon,201-500,266
lebanon,5001-10000,8
lesotho,1-10,55
lesotho,1001-5000,4
lesotho,51-200,7
lesotho,11-50,37
lesotho,501-1000,5
lesotho,201-500,7
lesotho,10001+,2
liberia,1-10,55
liberia,51-200,32
liberia,11-50,75
liberia,1001-5000,3
liberia,201-500,15
liberia,501-1000,4
libya,1-10,201
libya,10001+,8
libya,5001-10000,5
libya,11-50,211
libya,51-200,73
libya,201-500,39
libya,501-1000,12
libya,1001-5000,21
liechtenstein,11-50,161
liechtenstein,1-10,224
liechtenstein,51-200,53
liechtenstein,1001-5000,11
liechtenstein,201-500,13
liechtenstein,501-1000,5
liechtenstein,5001-10000,1
liechtenstein,10001+,1
lithuania,51-200,809
lithuania,501-1000,107
lithuania,1001-5000,86
lithuania,1-10,2976
lithuania,11-50,1960
lithuania,201-500,255
lithuania,5001-10000,11
lithuania,10001+,12
luxembourg,11-50,1550
luxembourg,5001-10000,18
luxembourg,1001-5000,103
luxembourg,51-200,583
luxembourg,1-10,2683
luxembourg,501-1000,67
luxembourg,201-500,164
luxembourg,10001+,22
macau,1001-5000,6
macau,11-50,44
macau,201-500,5
macau,1-10,59
macau,501-1000,5
macau,51-200,22
macau,10001+,2
macau,5001-10000,1
macedonia,11-50,585
macedonia,501-1000,30
macedonia,51-200,222
macedonia,201-500,65
macedonia,1001-5000,20
macedonia,1-10,923
macedonia,5001-10000,1
macedonia,10001+,2
madagascar,51-200,111
madagascar,1-10,313
madagascar,1001-5000,17
madagascar,11-50,293
madagascar,501-1000,24
madagascar,201-500,66
madagascar,10001+,2
madagascar,5001-10000,3
malawi,201-500,28
malawi,501-1000,15
malawi,51-200,53
malawi,11-50,124
malawi,1-10,124
malawi,1001-5000,14
malawi,10001+,3
malawi,5001-10000,3
malaysia,1-10,8791
malaysia,201-500,1155
malaysia,5001-10000,66
malaysia,501-1000,469
malaysia,10001+,107
malaysia,11-50,8763
malaysia,1001-5000,426
malaysia,51-200,3363
maldives,1-10,200
maldives,501-1000,23
maldives,51-200,103
maldives,201-500,68
maldives,11-50,228
maldives,1001-5000,15
maldives,10001+,2
maldives,5001-10000,1
mali,1-10,131
mali,11-50,97
mali,51-200,44
mali,501-1000,6
mali,201-500,20
mali,1001-5000,4
mali,5001-10000,1
malta,1-10,1000
malta,1001-5000,15
malta,11-50,775
malta,501-1000,23
malta,201-500,77
malta,51-200,289
malta,10001+,2
malta,5001-10000,2
marshall islands,11-50,16
marshall islands,51-200,10
marshall islands,501-1000,2
marshall islands,1-10,9
marshall islands,201-500,1
martinique,51-200,71
martinique,11-50,175
martinique,1-10,291
martinique,5001-10000,1
martinique,201-500,19
martinique,501-1000,9
martinique,1001-5000,5
martinique,10001+,1
mauritania,201-500,12
mauritania,51-200,19
mauritania,11-50,32
mauritania,1-10,43
mauritania,1001-5000,3
mauritania,501-1000,5
mauritius,10001+,5
mauritius,11-50,622
mauritius,1-10,807
mauritius,51-200,278
mauritius,501-1000,38
mauritius,201-500,106
mauritius,1001-5000,39
mauritius,5001-10000,8
mayotte,11-50,16
mayotte,1-10,20
mayotte,10001+,1
mayotte,51-200,2
mexico,1-10,27110
mexico,1001-5000,1240
mexico,10001+,323
mexico,11-50,27721
mexico,501-1000,1555
mexico,201-500,3795
mexico,5001-10000,273
mexico,51-200,11334
micronesia,1-10,8
micronesia,51-200,8
micronesia,11-50,7
micronesia,501-1000,1
micronesia,1001-5000,2
micronesia,201-500,2
moldova,201-500,46
moldova,51-200,117
moldova,1-10,337
moldova,501-1000,20
moldova,1001-5000,8
moldova,11-50,291
moldova,10001+,3
monaco,501-1000,11
monaco,10001+,2
monaco,1001-5000,13
monaco,1-10,538
monaco,11-50,327
monaco,201-500,25
monaco,51-200,91
monaco,5001-10000,2
mongolia,201-500,47
mongolia,51-200,141
mongolia,1-10,229
mongolia,501-1000,21
mongolia,11-50,276
mongolia,1001-5000,30
mongolia,5001-10000,6
mongolia,10001+,3
montenegro,501-1000,18
montenegro,201-500,45
montenegro,1-10,503
montenegro,10001+,4
montenegro,1001-5000,21
montenegro,11-50,273
montenegro,51-200,153
montenegro,5001-10000,1
montserrat,1-10,4
montserrat,11-50,2
montserrat,201-500,1
morocco,10001+,42
morocco,51-200,1088
morocco,11-50,2894
morocco,1001-5000,143
morocco,5001-10000,42
morocco,201-500,416
morocco,501-1000,176
morocco,1-10,3826
mozambique,11-50,350
mozambique,51-200,177
mozambique,501-1000,21
mozambique,1-10,501
mozambique,1001-5000,23
mozambique,201-500,75
mozambique,10001+,1
mozambique,5001-10000,2
myanmar,1-10,567
myanmar,11-50,739
myanmar,1001-5000,50
myanmar,201-500,172
myanmar,501-1000,91
myanmar,51-200,303
myanmar,10001+,9
myanmar,5001-10000,15
namibia,501-1000,28
namibia,201-500,45
namibia,11-50,288
namibia,1001-5000,20
namibia,5001-10000,2
namibia,51-200,105
namibia,1-10,460
namibia,10001+,2
nauru,1-10,2
nauru,11-50,1
nauru,51-200,1
nepal,11-50,1150
nepal,51-200,384
nepal,1001-5000,47
nepal,201-500,122
nepal,1-10,1026
nepal,5001-10000,8
nepal,501-1000,51
nepal,10001+,6
netherlands,11-50,63662
netherlands,1001-5000,1959
netherlands,501-1000,2074
netherlands,1-10,151346
netherlands,5001-10000,250
netherlands,10001+,429
netherlands,51-200,19860
netherlands,201-500,5350
netherlands antilles,1001-5000,5
netherlands antilles,51-200,55
netherlands antilles,501-1000,8
netherlands antilles,11-50,141
netherlands antilles,201-500,23
netherlands antilles,1-10,313
netherlands antilles,10001+,1
new caledonia,1-10,149
new caledonia,51-200,31
new caledonia,201-500,8
new caledonia,11-50,71
new caledonia,1001-5000,9
new caledonia,10001+,1
new caledonia,501-1000,4
new zealand,51-200,3147
new zealand,5001-10000,50
new zealand,10001+,41
new zealand,11-50,10027
new zealand,1001-5000,217
new zealand,1-10,17872
new zealand,201-500,760
new zealand,501-1000,288
nicaragua,1-10,511
nicaragua,201-500,63
nicaragua,11-50,421
nicaragua,51-200,191
nicaragua,501-1000,31
nicaragua,1001-5000,22
nicaragua,5001-10000,3
niger,11-50,38
niger,1-10,38
niger,51-200,18
niger,201-500,4
niger,1001-5000,2
nigeria,501-1000,366
nigeria,51-200,2310
nigeria,1001-5000,273
nigeria,1-10,6896
nigeria,201-500,970
nigeria,10001+,104
nigeria,11-50,6466
nigeria,5001-10000,81
niue,1-10,7
niue,10001+,1
niue,51-200,1
niue,11-50,1
norfolk island,1-10,1
norfolk island,11-50,1
north korea,11-50,1
north korea,201-500,1
northern mariana islands,1-10,13
northern mariana islands,51-200,4
northern mariana islands,11-50,19
northern mariana islands,201-500,4
northern mariana islands,1001-5000,1
northern mariana islands,501-1000,1
norway,5001-10000,88
norway,1-10,19769
norway,201-500,1243
norway,1001-5000,563
norway,51-200,3997
norway,11-50,11043
norway,501-1000,554
norway,10001+,81
oman,11-50,871
oman,51-200,444
oman,1-10,671
oman,201-500,228
oman,501-1000,87
oman,1001-5000,88
oman,5001-10000,20
oman,10001+,10
pakistan,51-200,3372
pakistan,1-10,6259
pakistan,1001-5000,643
pakistan,201-500,1678
pakistan,501-1000,833
pakistan,5001-10000,157
pakistan,11-50,7764
pakistan,10001+,169
palau,201-500,3
palau,1-10,3
palau,11-50,8
palau,51-200,2
palestine,201-500,28
palestine,51-200,71
palestine,501-1000,16
palestine,11-50,191
palestine,10001+,3
palestine,1-10,234
palestine,1001-5000,10
palestine,5001-10000,1
panama,1001-5000,68
panama,10001+,20
panama,201-500,173
panama,1-10,2038
panama,501-1000,66
panama,11-50,1451
panama,51-200,534
panama,5001-10000,11
papua new guinea,1-10,91
papua new guinea,201-500,41
papua new guinea,51-200,95
papua new guinea,1001-5000,21
papua new guinea,10001+,2
papua new guinea,501-1000,24
papua new guinea,11-50,85
papua new guinea,5001-10000,6
paraguay,1-10,741
paraguay,1001-5000,37
paraguay,10001+,3
paraguay,51-200,316
paraguay,201-500,143
paraguay,11-50,668
paraguay,501-1000,58
paraguay,5001-10000,5
peru,5001-10000,80
peru,1001-5000,447
peru,501-1000,499
peru,10001+,82
peru,201-500,1189
peru,51-200,3208
peru,1-10,11446
peru,11-50,9190
philippines,501-1000,605
philippines,1001-5000,383
philippines,10001+,136
philippines,5001-10000,98
philippines,201-500,1373
philippines,51-200,3609
philippines,11-50,6772
philippines,1-10,5404
pitcairn,1-10,1
pitcairn,11-50,2
poland,1-10,18777
poland,11-50,13706
poland,10001+,106
poland,501-1000,620
poland,51-200,4821
poland,5001-10000,73
poland,1001-5000,529
poland,201-500,1603
portugal,51-200,3897
portugal,11-50,11683
portugal,201-500,1118
portugal,10001+,69
portugal,1-10,18644
portugal,1001-5000,348
portugal,501-1000,401
portugal,5001-10000,58
puerto rico,201-500,44
puerto rico,10001+,3
puerto rico,51-200,139
puerto rico,1001-5000,17
puerto rico,11-50,383
puerto rico,1-10,535
puerto rico,501-1000,16
puerto rico,5001-10000,1
qatar,11-50,1408
qatar,501-1000,204
qatar,10001+,29
qatar,51-200,858
qatar,201-500,397
qatar,1-10,905
qatar,1001-5000,191
qatar,5001-10000,36
republic of the congo,11-50,3
republic of the congo,1-10,2
republic of the congo,1001-5000,1
romania,1001-5000,287
romania,501-1000,308
romania,11-50,6339
romania,10001+,46
romania,51-200,2468
romania,1-10,10679
romania,201-500,782
romania,5001-10000,39
russia,10001+,217
russia,5001-10000,133
russia,51-200,3413
russia,501-1000,626
russia,201-500,1164
russia,11-50,7937
russia,1001-5000,602
russia,1-10,6489
rwanda,11-50,234
rwanda,201-500,49
rwanda,10001+,3
rwanda,1-10,269
rwanda,51-200,93
rwanda,501-1000,14
rwanda,1001-5000,10
rwanda,5001-10000,1
réunion,1-10,604
réunion,501-1000,6
réunion,201-500,39
réunion,11-50,320
réunion,51-200,111
réunion,1001-5000,12
réunion,5001-10000,3
saint barthélemy,1-10,1
saint barthélemy,11-50,1
saint barthélemy,51-200,1
saint helena,1-10,5
saint helena,11-50,6
saint helena,1001-5000,1
saint kitts and nevis,501-1000,2
saint kitts and nevis,51-200,11
saint kitts and nevis,11-50,18
saint kitts and nevis,1-10,33
saint kitts and nevis,201-500,3
saint lucia,51-200,53
saint lucia,201-500,14
saint lucia,11-50,225
saint lucia,1-10,410
saint lucia,5001-10000,1
saint lucia,501-1000,1
saint lucia,1001-5000,1
saint martin,51-200,1
saint martin,1-10,1
saint martin,11-50,1
saint pierre and miquelon,1-10,2
saint vincent and the grenadines,51-200,30
saint vincent and the grenadines,501-1000,2
saint vincent and the grenadines,1-10,39
saint vincent and the grenadines,201-500,7
saint vincent and the grenadines,11-50,35
saint vincent and the grenadines,10001+,1
samoa,1-10,19
samoa,11-50,19
samoa,201-500,5
samoa,51-200,12
san marino,11-50,81
san marino,51-200,35
san marino,1-10,141
san marino,1001-5000,3
san marino,501-1000,4
san marino,201-500,5
san marino,10001+,1
saudi arabia,11-50,5056
saudi arabia,1001-5000,699
saudi arabia,10001+,147
saudi arabia,51-200,2825
saudi arabia,201-500,1392
saudi arabia,5001-10000,126
saudi arabia,1-10,3483
saudi arabia,501-1000,703
senegal,10001+,5
senegal,1-10,851
senegal,51-200,239
senegal,501-1000,33
senegal,11-50,583
senegal,1001-5000,22
senegal,201-500,109
senegal,5001-10000,9
serbia,1-10,3204
serbia,11-50,2032
serbia,1001-5000,79
serbia,201-500,228
serbia,10001+,10
serbia,5001-10000,11
serbia,501-1000,91
serbia,51-200,726
seychelles,11-50,57
seychelles,1-10,68
seychelles,51-200,21
seychelles,201-500,12
seychelles,501-1000,2
sierra leone,201-500,18
sierra leone,51-200,39
sierra leone,11-50,58
sierra leone,1-10,53
sierra leone,1001-5000,4
sierra leone,501-1000,5
sierra leone,5001-10000,1
singapore,501-1000,512
singapore,51-200,3876
singapore,1001-5000,504
singapore,201-500,1150
singapore,5001-10000,105
singapore,10001+,165
singapore,11-50,11248
singapore,1-10,13901
sint maarten,1-10,1
sint maarten,11-50,1
slovakia,11-50,2031
slovakia,201-500,233
slovakia,1001-5000,86
slovakia,10001+,22
slovakia,51-200,801
slovakia,1-10,3518
slovakia,501-1000,88
slovakia,5001-10000,11
slovenia,51-200,569
slovenia,5001-10000,9
slovenia,201-500,154
slovenia,11-50,1543
slovenia,1001-5000,57
slovenia,1-10,2910
slovenia,501-1000,60
slovenia,10001+,9
solomon islands,201-500,4
solomon islands,1-10,14
solomon islands,11-50,15
solomon islands,51-200,9
solomon islands,501-1000,2
somalia,11-50,54
somalia,201-500,24
somalia,51-200,34
somalia,5001-10000,2
somalia,501-1000,5
somalia,1-10,62
somalia,1001-5000,6
somalia,10001+,2
south africa,10001+,230
south africa,501-1000,795
south africa,1001-5000,791
south africa,11-50,23007
south africa,51-200,7516
south africa,1-10,34063
south africa,5001-10000,166
south africa,201-500,2089
south africa,,1
south korea,201-500,207
south korea,10001+,42
south korea,1001-5000,99
south korea,1-10,947
south korea,51-200,544
south korea,11-50,992
south korea,501-1000,91
south korea,5001-10000,38
south sudan,1001-5000,3
south sudan,1-10,32
south sudan,201-500,3
south sudan,11-50,24
south sudan,51-200,11
south sudan,501-1000,3
spain,201-500,5449
spain,11-50,72964
spain,10001+,429
spain,51-200,21350
spain,501-1000,1945
spain,1001-5000,2343
spain,5001-10000,291
spain,1-10,120676
sri lanka,201-500,433
sri lanka,11-50,2338
sri lanka,51-200,1054
sri lanka,1-10,2406
sri lanka,10001+,41
sri lanka,1001-5000,194
sri lanka,501-1000,218
sri lanka,5001-10000,46
sudan,501-1000,27
sudan,11-50,244
sudan,201-500,63
sudan,51-200,111
sudan,1-10,195
sudan,10001+,6
sudan,1001-5000,34
sudan,5001-10000,6
suriname,10001+,2
suriname,1-10,234
suriname,11-50,190
suriname,1001-5000,3
suriname,51-200,91
suriname,201-500,28
suriname,501-1000,5
svalbard and jan mayen,1-10,9
svalbard and jan mayen,51-200,5
svalbard and jan mayen,11-50,3
svalbard and jan mayen,201-500,1
swaziland,51-200,35
swaziland,201-500,16
swaziland,501-1000,10
swaziland,11-50,59
swaziland,1-10,90
swaziland,1001-5000,3
swaziland,10001+,1
sweden,11-50,18816
sweden,1001-5000,782
sweden,10001+,167
sweden,5001-10000,148
sweden,201-500,1702
sweden,501-1000,742
sweden,51-200,6432
sweden,1-10,31203
switzerland,1-10,29998
switzerland,501-1000,741
switzerland,11-50,17432
switzerland,51-200,5834
switzerland,10001+,203
switzerland,1001-5000,730
switzerland,5001-10000,136
switzerland,201-500,1613
syria,1001-5000,21
syria,1-10,234
syria,501-1000,29
syria,201-500,59
syria,11-50,268
syria,51-200,109
syria,5001-10000,3
syria,10001+,2
são tomé and príncipe,11-50,3
são tomé and príncipe,1-10,12
são tomé and príncipe,51-200,3
são tomé and príncipe,501-1000,2
taiwan,501-1000,279
taiwan,51-200,1273
taiwan,201-500,518
taiwan,1001-5000,334
taiwan,10001+,104
taiwan,1-10,2119
taiwan,11-50,2199
taiwan,5001-10000,72
tajikistan,201-500,9
tajikistan,51-200,15
tajikistan,11-50,40
tajikistan,1-10,29
tajikistan,501-1000,4
tajikistan,1001-5000,3
tanzania,11-50,772
tanzania,1001-5000,33
tanzania,1-10,950
tanzania,501-1000,49
tanzania,51-200,319
tanzania,201-500,157
tanzania,5001-10000,3
tanzania,10001+,9
thailand,11-50,3392
thailand,1-10,3733
thailand,201-500,593
thailand,501-1000,297
thailand,51-200,1581
thailand,1001-5000,283
thailand,5001-10000,51
thailand,10001+,71
timor-leste,1-10,6
timor-leste,51-200,2
timor-leste,11-50,7
togo,201-500,18
togo,51-200,44
togo,1-10,158
togo,11-50,103
togo,501-1000,8
togo,1001-5000,4
togo,10001+,3
tonga,51-200,7
tonga,11-50,10
tonga,1-10,12
tonga,1001-5000,1
trinidad and tobago,1-10,473
trinidad and tobago,1001-5000,16
trinidad and tobago,51-200,182
trinidad and tobago,201-500,66
trinidad and tobago,11-50,312
trinidad and tobago,501-1000,27
trinidad and tobago,5001-10000,4
tunisia,1001-5000,79
tunisia,1-10,2197
tunisia,10001+,18
tunisia,501-1000,93
tunisia,5001-10000,16
tunisia,201-500,292
tunisia,51-200,647
tunisia,11-50,1596
turkey,1001-5000,1374
turkey,51-200,10521
turkey,201-500,4422
turkey,1-10,29016
turkey,5001-10000,254
turkey,10001+,394
turkey,11-50,24951
turkey,501-1000,1636
turkmenistan,1001-5000,3
turkmenistan,51-200,13
turkmenistan,11-50,30
turkmenistan,1-10,17
turkmenistan,201-500,7
turkmenistan,501-1000,2
turks and caicos islands,1-10,51
turks and caicos islands,11-50,33
turks and caicos islands,51-200,11
turks and caicos islands,201-500,3
turks and caicos islands,501-1000,1
turks and caicos islands,1001-5000,1
tuvalu,11-50,8
tuvalu,1-10,2
tuvalu,51-200,1
u.s. virgin islands,51-200,2
u.s. virgin islands,1-10,3
uganda,501-1000,53
uganda,11-50,870
uganda,1001-5000,41
uganda,51-200,309
uganda,1-10,970
uganda,201-500,128
uganda,5001-10000,4
uganda,10001+,8
ukraine,1001-5000,259
ukraine,51-200,1738
ukraine,501-1000,237
ukraine,201-500,598
ukraine,10001+,69
ukraine,5001-10000,50
ukraine,1-10,4643
ukraine,11-50,5078
united arab emirates,5001-10000,188
united arab emirates,201-500,2701
united arab emirates,10001+,224
united arab emirates,11-50,16793
united arab emirates,501-1000,1099
united arab emirates,51-200,6779
united arab emirates,1-10,14930
united arab emirates,1001-5000,975
united kingdom,501-1000,4529
united kingdom,201-500,12049
united kingdom,5001-10000,838
united kingdom,1-10,598151
united kingdom,11-50,230813
united kingdom,10001+,1059
united kingdom,1001-5000,4106
united kingdom,51-200,53121
united states,501-1000,25930
united states,1001-5000,22898
united states,1-10,1960943
united states,10001+,6643
united states,5001-10000,4275
united states,201-500,67867
united states,11-50,892776
united states,51-200,248674
uruguay,1001-5000,66
uruguay,51-200,679
uruguay,501-1000,79
uruguay,10001+,17
uruguay,1-10,3048
uruguay,11-50,1808
uruguay,201-500,195
uruguay,5001-10000,8
uzbekistan,10001+,8
uzbekistan,201-500,38
uzbekistan,1-10,160
uzbekistan,11-50,216
uzbekistan,51-200,86
uzbekistan,1001-5000,23
uzbekistan,501-1000,21
uzbekistan,5001-10000,8
vanuatu,1-10,38
vanuatu,11-50,31
vanuatu,51-200,17
vanuatu,501-1000,1
vanuatu,5001-10000,1
vanuatu,201-500,7
vatican city,11-50,5
vatican city,1-10,5
vatican city,51-200,4
vatican city,10001+,1
vatican city,1001-5000,2
venezuela,11-50,2324
venezuela,5001-10000,29
venezuela,201-500,319
venezuela,10001+,25
venezuela,1001-5000,130
venezuela,501-1000,143
venezuela,1-10,2598
venezuela,51-200,946
vietnam,10001+,107
vietnam,1001-5000,417
vietnam,11-50,4515
vietnam,51-200,2312
vietnam,501-1000,434
vietnam,201-500,938
vietnam,1-10,2995
vietnam,5001-10000,92
wallis and futuna,11-50,1
western sahara,1-10,4
western sahara,201-500,1
western sahara,1001-5000,1
western sahara,11-50,1
yemen,201-500,31
yemen,51-200,55
yemen,1-10,103
yemen,11-50,115
yemen,501-1000,16
yemen,1001-5000,14
yemen,10001+,4
zambia,51-200,180
zambia,501-1000,42
zambia,1001-5000,21
zambia,10001+,8
zambia,1-10,447
zambia,11-50,372
zambia,201-500,93
zambia,5001-10000,4
zimbabwe,501-1000,51
zimbabwe,1001-5000,44
zimbabwe,201-500,133
zimbabwe,1-10,1361
zimbabwe,5001-10000,4
zimbabwe,11-50,892
zimbabwe,10001+,10
zimbabwe,51-200,272
åland islands,51-200,5
åland islands,501-1000,1
åland islands,1-10,28
åland islands,11-50,21
åland islands,201-500,2
åland islands,1001-5000,1